address,amount,id
0x8b1CFE717a29E712A1a131d8D26d6FF868542470,8,1
0xee104c82EcBAf6Ff75E27f3c646e0b8c80819263,15,2
0xF71536308013E783571cB30c2fB79F3322866e1a,31,3
0x0920194535bc06802DfDE92B23C8A52E3B541BE9,9,4
0x9fd00C523F36dC6EB321dbA07F8DfbCeb33616cc,32,5
0xe2c8151008E67d271aEE136860FF05ea6b96e96f,62,6
0x58440c3Ea57bF5e3695ccef85a43BffECBC6C9B8,40,7
0x0D3DbEfd4DB155Fc1FFf955A865e2e44Bb676E1C,45,8
0x4597e5054a8E9a5dA82f0D5594F327F1e992993e,89,9
0x05C169A9aDbd6574Ae63e0cc5ee7810E1179A25A,26,10
0x684469F54a922ca4c4d32135ADbB89F47ca26da9,48,11
0x75Ba0C3BD9264aa4dE61bf334C059311c4723c8a,81,12
0xCd7fa68FBDc330CB0dd67C8492De460852f2cC8e,216,13
0x301f8D22eF07589B21f51B232560F62b4Dd2216e,211,14
0xB332330cD7d9a4acfcC8674727a4e6A81242D565,140,15
0x3D3EE932DAA9522ab6Ee2F9446F2fbead83aB616,263,16
0xDE81407a5fA33a8ec7A858E64F793D912EFe3bD9,25,17
0x6A4D90C4dDAd7a91E41a00e9012CfB37F7639F51,283,18
0x12D3b048E34Ba8A5C4D1dF880222F79c5a05A735,84,19
0xE0386731a43A1A940e600e2e4abDbf337f2a703E,161,20
0xdEB99abF769774af1Fa59D068920987b339e91c3,258,21
0x5Be6464661d463d584F0E0870347839Ea62413C0,77,22
0x05dA5A47042fe2659487b26807B27Ea5D3e6b6Bd,298,23
0xCd619A7932bD12c7959D21822239ee7D478A199b,29,24
0xb5a1C8c2E8c74fF3fA9eb5e9D67c7a915bdaF746,5,25
0xfe0F4959672456EF753e82CF3A99cDCec25584fc,383,26
0x79Ccd6EE967cFDc4f8d3fF76029050e8F9b82dFf,330,27
0x170327740ba88420a0561934beBEC691cB0B720c,336,28
0x9a8c0B23dcc5B1b8988433DDFba0fE74c25a58bC,157,29
0xA0352f2449E7bc354b2D37011e07Dc4BB5E5B873,12,30
0xF5B4611b7977f2ad829Cc3Ce3b8D5D73F86bc163,259,31
0x2227aB8BA39546B582d6F0103e8F8e4DBCF0132A,484,32
0x0745cD43A7bf7f08bB0a2e79D354e5bD7BE106af,555,33
0xda4aaE8FA89e3e57973fa815F804054e08a53CA2,50,34
0xFA30D4e143efceEdacfe546a213bd44553C13A1E,312,35
0x3f54A2B4A585beaFC184730809967D8ae678A15F,383,36
0x711E0AD55a47F396Ec3847dA25823C4661bf66Da,343,37
0x66F279ae4B88764543B7c069feD3eCdF6C346AAA,638,38
0x23F81Cc7256A549448a48264de7d558052389569,335,39
0xC0f8000955837035a5156B38c25880A26920a8A6,124,40
0x11Fd570F2d3904D3deB888e50D554033C7ED87cc,321,41
0x2EF4dd3f23430447dc0065C0Cfe05DeE471F64B6,223,42
0xC5C53b64b2941aF898A54De3aE3313c76451e3d0,689,43
0xCBC86FD321C8c93881f6192F8Feda844e5F4DD1D,287,44
0x68E0DbA10a5277E6Fb3BF229c5ecaB21F4842cD8,734,45
0x940f79D0eB39694BC1a96ADE2629D1831E4bAccC,368,46
0x323037d059729440Bd248A2d8adF48b79F4Bd411,416,47
0x96C2e02614497d1Df809e0569f4ded61858A97E5,584,48
0x183C4098fC84df0FaF9f30b39Ed19A326CBFC601,186,49
0x98015Eea60d41175a6ACaC179204CFBF121a1Ec0,235,50
0x6Cd0F606cFcEDAadea7Cc52C30632e442D9e8a49,775,51
0xD7c0759f76aF11E941f0b6Dc324655b6163Bc0bb,551,52
0x667E7e7d3A7219d15E31383Fd32A1E8a2ADf4dBc,765,53
0xA24ac73a67089498Ce6EbBcD8BD85b8f1af6A3c6,823,54
0x7D06608C7D144C614804573d94dA61f4d6F4Cc05,160,55
0x65896331365468d743994086AB0CE8dAF1fA00B7,720,56
0x08cb2f030E1Eada6D2fd8853125147FB4A39d5d1,835,57
0x07e4D6CcFB4552027f3fDE2a80e0CD8CE119a905,112,58
0x8B88427d616D639807c405c655f6A04F8D6EaAB5,293,59
0x2060661Da85C772C75ebC8fB040d128E345e96A8,707,60
0x0481d599BE7568390eA13Aa59D70A0ccD298e1DD,24,61
0xfb217e3a8098614a9D55aC578d02450F57EDE9a9,476,62
0x3dbfA43140F22c0cB3539478E9f99b3c2CF45248,1040,63
0x09EEdB3537268Cab942c9313205ED9d988a4c193,620,64
0x4b1218bF52deA656Cd586fCDaF46193410Ab7364,976,65
0xc41fC947E546EB1065908a7804F7d15b0beFe509,386,66
0xe114A0c5E7981586c7AD535E7cAC22B3546E6930,745,67
0x92D4e1B191BBCD5BFF91c483550470650a24daa7,135,68
0xa59EBb8A4b90E491E5334720CF1A14e86DEfd47a,1089,69
0x3391d34907c11cC363B31e7B4a26990FD62629C4,259,70
0x8Fc01081C2954e5094f4A15f73536DEa0F1cf0C7,644,71
0xC88C4f3710a50BAAbee26a164e5876A185Ecb5fE,1173,72
0xACF4E4cd37a45a848a58c5F08728868C967832dF,1156,73
0x9060AbBee0114BA444DD0A9034204E4Fe00Ae7b0,245,74
0xeaE1a068ac4cac85E1780C91Aa94955A0B9D1371,164,75
0xFAE24289f8ba71F5D9e5c7dE895eBF2B590177e4,950,76
0x05e93394cF127E759ff622c54B92E184048488bC,135,77
0x1f3328E40c4131CAc137F0C89b0824166238ABC3,637,78
0x22fE3C91FcD3d473611405c5D1e54D827C7eA881,1203,79
0x27932B818EbAcc0F74C53f18008Dff9B16057582,686,80
0x704C27c79f35230405A488e61Cef7eF283af69eb,552,81
0x8768495cD84D07b11a86043E5F9d8d46a0b9a687,93,82
0x5a8e8AC87E19893fD655E9AAB2Ed51d5EF809777,384,83
0xE0947Ad3da5B2932D0e31C57D7aEF1A4516Ac287,37,84
0x2D744ef728e9C66D92C1629A259a32618a891AC8,969,85
0x063Dc565E456828Dabb9eF23Ce42898bF234f0b6,90,86
0x26BDE52bFF465cdc88c0B2E0395F0cA8a2fB3d96,355,87
0x4E7BB1EB0692698C8C3fa0ae4C31140fa5C5073e,382,88
0xe01e76673D3Ccc8b4735D0d664332672bC865567,1207,89
0x74b317C75c4CB14D1b6510E932592c29C1c96D3d,170,90
0x381C3405185042903508bE91E37b9a89DD776434,223,91
0xa09EB68ed942D2AaC5d73dA950F7AB93b603b52C,325,92
0x013efe72D2Cd4A7B07E471e5BC73e4c46F990b8B,1213,93
0x3ecA1F34E789655eE0659970A7FC519758f5a332,1250,94
0x5F54ebC0aB695731656fea08336369aBD621A22C,992,95
0xffa213E12CcD9eC05597868E65D306641AFfd1Ae,66,96
0xE41B1E7ed0369bFABbb8e9951E8ef6d46F6B0146,429,97
0xbC0C1C3ce4db5A925Ea072212B115C53033A91ab,156,98
0x0386De4AB84707d9efF6802253B29B1ABC9c3B2A,349,99
0x559E716d3Da37bd35e7A888bFA41D8940959dc74,1270,100
0xA0D1958BF62dbcB3725403519D4e0d2aAf20F03c,1236,101
0x4e971C428326De66E53a3910f6baa0D644Ecb571,697,102
0xcedBDD77C269048c1d1563230108b6a84fA2E4bd,996,103
0x0F25Bc6538475939beE9a87FE96a01D99319398b,1598,104
0x76b10D3C421fAB7e0EDe23E36bD84E650c77e6c1,329,105
0x6B1E95DacF8E668B032A9330215cF341dE4D4Fdf,1637,106
0x26e4817fAE8B699E8aA4d1eED3A62E931a08E37f,866,107
0xD0331bb19b6BEfF948F7D9EA7796ed252d4FAb1e,1195,108
0x585384cac353b742fe0b8Ab30E70D07848fb0153,649,109
0x044fa451A167e0db7CB379F96AA492A6C201766d,1481,110
0xD9eeA97596B31bfc62940756570046fBA1cac961,727,111
0xD7D2C693453907e212593a9499a7fE574d4CE56b,276,112
0xA8F93391f77ee96c42656EBEbd10ecCB5d5c2439,835,113
0xaa2E8A7a1FF17A1927Eb3145fB91b4B4bAe3164D,450,114
0xD270Bc4c9733CF27041BA447F1D96a46B2ff6c67,1114,115
0x2EEbBd26fcAC811DD4292C264EC597E786968A81,1492,116
0x355DaAA6883cc4c425E72356c337dF4E058E4B48,777,117
0x1c181fDB12b6AcA33501d8AE99a965ab05B9D581,344,118
0x62C6a5985A32005e4AbdA4731650A06e0e976351,509,119
0x11AE08a76c56A7d55Dd2E1217EAD0a3c5de74818,1173,120
0xCB04513ef076ACbeF02A1548fE67E4a451A20F42,711,121
0xDF6F63c00Dda893A9d31913bAe6EF435E1F61003,262,122
0x7B92bb639f09546a56876F935c9fd4dfEC46226c,1787,123
0x5Fd0f2eA8D8bd015E36815cd5e3199fEC434b4bc,864,124
0x55cef45e20a9cE565102E775c69e48eD60F32004,1549,125
0x77BC70970AE8BC1980340635C6771Ddcd8AA41A9,1571,126
0x98347889e695D76210134059883158f227838557,1583,127
0xd82dEb74c8191C91045E266d3Fd0C20D9fB6720a,1613,128
0x542Ca0F2EFE685E4E8FA7AfA81b729cADec1f6FD,1554,129
0x621099cc962a1d99e5baB0202c866353806844D4,434,130
0x16A2fcCE0Ea5BBf0903f4ecd671cfC180465F9F2,1311,131
0xfAD2838F1961314983eb7372aa18631c4377bE52,1595,132
0x7E3b274c0673b6e6aAE53E2F20Fa730036EA9384,2161,133
0x878D3644DfD63d2198d1F68c2c503473C3f57a1d,318,134
0xdcb410f25789b20902d6BE9Ff5921984A53999B2,1824,135
0x902B20dD7BA84b0eB67F6c01F7527C560b0f34E9,1754,136
0x4a46f496203E55D089be68AbC019f840192aF533,1532,137
0xF4d2e3F87a6976F33A2A7ff92E6485032E2756d6,474,138
0x36EF9Bd075Ccb9AA5AcBF92cD0CA4630Ec73a2eB,1269,139
0x4bE36d75356Be0B0931CE2666cDB7C81AA2Fa21D,479,140
0xcC5a0DB2dc713178f8d59cB7c8dc6f2067d9FA17,1001,141
0x8C52CC85Dcc31eb4B5fb3700580F95f3BFED3ce4,362,142
0x0b5296bB3Aebeb69e047db06d8fFF7A6B9828b29,467,143
0x08965898AF2e0A533ff66d28824Ca9Aad2992F1C,1280,144
0x06172fa057D884bcC6e1aE8f81678ff4182dc114,2179,145
0x6444b68eE88b2bdD0dcE2D455E16278a626C80bb,182,146
0x8Bd12733bE86378590C34C73D9fC252a083d8997,2129,147
0x205288ADEfbFc923776B2Ab0da099cFC2dB621BE,1751,148
0x00da617DE0588fA94D6a57833913409e5C4E3132,931,149
0x1C4D94fDE438070B272Ae4143c2c92496AFBBa6f,1991,150
0xEb600E2596334bf2c86F097A375D8e62C83F93de,122,151
0x1AaDD55c558F62E9B6f31c4cCC442219ae503C79,1223,152
0xEe66dB3cE8250369B5d24cf0c4AfC6118C3ae442,393,153
0xF8397720Dc0e44E46C02f709523ceCf2db8b87b5,1858,154
0x6d011b91A5172DeB9722a6c882C1753f37c20070,49,155
0x5cd8827f684d7eAe9569904A37625f5269460242,1357,156
0x9941836dF8872F0ea81d86bf0058abcfb32040F2,1316,157
0xB750604BD078a314916e7471B52f98c522fC1b09,2006,158
0x7F38735513Bb9B60143033EbfEEB6055b1338cbB,1345,159
0x157806bF38e6d91D9C389B2F29e2220e7e9FE661,2346,160
0x823884C043BA3e5B1De9Dd8d5DddC093c3d319fd,542,161
0xa314afeCfCef044058c6e2d24b49Ab64F9423c31,1759,162
0x6890778c60112aA2Cb31c2CA851758FFfFe7555D,1833,163
0xadba8E56AF23850b3de7b6d8556e32cf04C88D9e,2467,164
0xC593b82bE2384cE9acF9260d5e16B8f43D2f8060,1347,165
0xD83aAd00BA8BccE4DB0b6037dbE404E82494A67a,1615,166
0x92C04b88BB866Fea5A579C08a3900DC631fc0C5c,2,167
0x7c3fB59aBe79FE9bB24C43dD7172cB981a05211A,333,168
0x7937712B27b91744F395DBf84270d24A35570944,1326,169
0xf8f67aB38909Dd452eaCF7f493C292BE1778d9C5,461,170
0xe8d75efEf14b695a56a16add959a1F34f06f7832,1258,171
0x5DDeF4454c667e91B9582C10215b1435C63D7487,856,172
0x86f853DDe7C2156BEBFCF609975aDC5337851DdC,831,173
0x2Fc302aCAC2377774f8df933cD13d274DbDB4b94,2572,174
0xdB4A7Ec4B303304df3e1529Ff9a29AB8257F9539,167,175
0xFc469B8524d0451C6b2827B03f88fb20fE3dFA11,1206,176
0xa484dAe811861bd4944723A0f841BA0f8D96Eae6,65,177
0x635Bb42B29B8E992802Aff2185788B6E96b0875a,2186,178
0x233e9c2d14e9cb45236429c554495F546FE90D5a,927,179
0x7786041e02D297Ee13c8CBEe09826610171575e2,1501,180
0x235a615F812e2536d1eF7eCaca35035D4C13ffBD,1597,181
0xd271AC3AeBFE67514aa70655D78338b9F89625a2,733,182
0x093Cc5ac96865EaAb03f4aadbf2CcA7d02b64FaB,2229,183
0xe9C6dfc8F6233170C7C5E29c0932B4450518265F,2024,184
0x5b8c4326208728b6D4c4B13EE232bd30a83Ce8f8,921,185
0xd7E4657398de87B6fe912F532039BEEF192EED97,2386,186
0x032d4a0ea26afCf6d9FfC555469f6f8d787e7e67,2056,187
0x437B2D6235A3AB7c9e69c93588f166b445967f89,1169,188
0x1933038202050B4232cf32d7332Ad0457a05a40F,1041,189
0xbECfc4Ba939cb912DFa2c5a8E041fd5eD0704eA0,2317,190
0x74A417519171E14Df816449B142E43757c1f9Ad9,1067,191
0x3e87936493fF7722c8d07779344a8b34c56F6B74,2531,192
0xB583286856f3f7608088eA291322b2f5b9451f62,391,193
0x884a706Bb2C79497Eb034Be0BD10C9A0C1215fcc,495,194
0x8fb7b3F7e8989908b94c586731bb936c45a35CCF,1019,195
0xcDc4129e2358806A3A13e577E394AfaC61A9E3fE,2230,196
0xfe3dd297769b0f636558269eb17f4E849A858688,1528,197
0x3Fa397838BF221a0e61D8013C0F6F37D291DA838,1379,198
0x7CE4014eaDC8Bf8de350764FAB998329D197ECd8,2675,199
0xED3dFA88A21E27fe6C1Dc8cd048F65D3d64553Ff,359,200
0xE830FDF81AE726F9332AAB4dbf08d0F04FAB8b3B,1241,201
0x6C5ba82da270D4E7CFCB750C7AC45995bfcaD869,3429,202
0x3D2972624866B0461BB4C63ff89F471E913961da,1057,203
0x5613fcFE4659B2470145d33f2C8DFC7c179021Fd,620,204
0x885f06bc5a23bf96dAAE5BB94Ec9883c0D8aaFC4,3431,205
0x84085a44f0c68C5Fbc8f805EE2aEa0221c702932,572,206
0x5C5b72d810Ad199f8F09e10D764cE03baF0B73e1,2064,207
0xB733AfeB063006DEbCEc84b88A379248Ed0BCd3A,389,208
0x106D4a63B49F4eB2d7430b722E528f5481a130F6,2669,209
0x21fabe3d9804EFFd2F2CA454450Dd9682273Fd32,2732,210
0xDd8F1219359125dB859bD6ca4161be9bD13fB4f1,142,211
0x2FD84e4081894a7ed4E2dDeDB2C782dDD5990a94,1874,212
0xF41F2e88eD3E3ca30175b988A999313c081Ae556,2114,213
0x44C4b63052C15A1f8D607997ab3e7730d318ae73,2752,214
0x7D4B7B07a62FEAC80eb04673FB75b2Aa3E9cB828,1269,215
0x2aE664fb541298B8e1C97FBE9B34FD23dCeDb795,1925,216
0x9659df42DDcCE07B56c3aF806455FA6598D680dF,1407,217
0x84C8369775a893e51dE72FA2AC497D25Ee183cbd,2547,218
0xC8613bf727191be6fF5688cfc8524e5A7a8DD72B,2113,219
0x769657ad48020B7b451D3687066f3DA4cE822F14,2182,220
0xB61A8979FCC4956d39a72f22E09d655ce8ab9378,918,221
0xcD43f9fCD84EF770aA593E1AD28188F04767eB21,2059,222
0xE06cB10E9C861aF2E2795373247D6Da86811cBd5,1076,223
0x1817Fc511D48b0DDfcDd3Dd26298EF9bC6296497,373,224
0xaBb73cFEE7E51F790d55Fd584b1425b3C17A8e55,3265,225
0xcd39030351ddBf25882F1A3401B661eCdc1aE77F,2050,226
0xa6b7EcC2cA0bDA7bD6D5d010a7D4eC89d90c4a19,2803,227
0x79792de36F46F5656C95b53c631e351a56c35334,2925,228
0x919246c3c3A34804E602c314B7f5200448c16F07,3247,229
0x2E8b962DF76F562f448cf19E61dc6c454c10548D,3733,230
0x70649874547a7a13Cb0817828B0D7B2435066B63,2575,231
0x4A3e6F02278630D09da211bebaddb4Ef2d273343,2566,232
0x3d48Dc560cd1C764eBAB581a19B0e1639627E7cA,3841,233
0x5368148AA79071d82b472A39DcaB0dfeaEf63aa0,3237,234
0x9201b4Ea739a35299EE06a47933D342d7D3f7E5a,2535,235
0x07b414FeDafcdE6E209b4BF9e70556bb5d0502e9,1430,236
0x0b58161838C740496dC39Ec843b0A5Bd3e3bee8e,3085,237
0x906f701DD6cC80a72D2244d896049ff969e9A68b,2127,238
0xD31f30B03a4cDd50dA2D79955D58eC5b065708eB,2074,239
0xDFC99FdB59786a10e74D60EBFbe46A56d094A5cb,1750,240
0xde4F27da96ddcD184d6810C245a73a58DF83Ed56,2790,241
0x94CEE6320fC794d9A37E9C175cE767E370e5F22d,160,242
0x80bb2233c56F95ec036a97A5535A3419346a7aFC,566,243
0x91E416DAAaA81D31AcA85bA2734411f34b0B3a7B,3106,244
0x9cdd7048cD91AA4db6DA8b0134A1C0f0aCA60E2d,700,245
0x81C2467DaF84570e722e6dF51E8FaCF942cbbFd8,2194,246
0x20CB51d11dA8b8145ee7179902079A9a89C94929,2486,247
0xe059FC1e8e2Cb9826F21DE392Ffa0a80E83Da8f6,1831,248
0xd977624d44c1668F7B5D905A2E862B1606D0F601,2805,249
0x19A7bd22a8DB5138CDC338De4951f48F47886127,2268,250
0xE9c7D0f4259ffc3Be0b5bE8E6aF15610e1b32764,1851,251
0x09d749C68787dF49D923656EEA9Fb06b5715Dd6e,4252,252
0x6E3251487AdC95f7AFa36CAEFc048e5DC256648F,785,253
0x4e0C443E43103179615412a323BA6a1f6379b00B,2295,254
0x42Cefc1411fF91f41FA881e05B5a4Ab32c7EB898,3182,255
0x516Ff8DfD8e776342183b5a9e2A1E46eda413B97,4211,256
0x3447F18057a8F166945e769AfA3302D5BF29e2de,587,257
0xb0bFe7f5373943AF049bD5B3ADf21Ef2Ab0b0085,1829,258
0x9B87e8c17a4fA17cCB6484253Cc2eee077b352c4,587,259
0xd2FFB809795FbFEd667F8009e697eF9b4b090946,694,260
0x0FBd9Da9D44fF84cf0e2bcA769F4b106233ADe82,441,261
0xf9C746E4D79f53E9BB89e59ff9AEbd373236967c,2071,262
0xD11Bde0C369C29FcAc6df93450cf5eAfc8006309,3810,263
0xbe21E64D148912e3011f3c461d2BDBA49d4a4De7,713,264
0xc51A012F7A11a499c52F56905569bE063e8F0a25,1548,265
0x5DeF735f9973e201813aAe6Cf2e0BC7A1b93EAf5,2151,266
0x6BFA5F25Cb08a931f15961Ffce733902f6FDC6fB,4159,267
0x2ea9ffF7C34EF7024b56f1A29a6393CAA2F8b28B,356,268
0x8741aFa5bD7DBc2c1994e808547524246914212C,3911,269
0x365aBba9fA4f36e61Ffc294B9684fa27159FF769,1209,270
0x7282c7B0cb811088247244c4bB293bFa6c9a3dBb,3781,271
0x7c7b35250095E8a09B919D9935ebc66f5c9350c3,3005,272
0xCaD249007cD7A9487fab6741F0744cE9d36d9f7f,8,273
0x881c872C7c9572E094fd3Ab5b9E21D0e74c2f2b2,3313,274
0xF09FdefcF493E22C73111eBD0D849d8AE9F5fEe8,2555,275
0xe5457a8Fb898f946399f508981bEF4f0274D547d,223,276
0x07708f12E41Ea27470c251b8fC0D1DF4CD752bd6,4699,277
0x82cB8BEA4BE6E60b4e525B40dC22F1443c7ac50D,3678,278
0xd0bfFB835C4894CB26cEf7642747383A2c0ab498,2708,279
0xA0B00Ba16ab0e1e8100e2ae462547A5cD7Cd8Ca9,1017,280
0xeE6A09BE95E3c3A607556f985d0ef2103C2Ba164,4209,281
0x323125D52488196c60E7E91c3234bDD03247Ed0D,3476,282
0x1b7aF0d80D2470172a2ac936EB9AA25aed4f8A51,3699,283
0x0b67fF22Ab87FFaA8425e6756a018FAFbd1d524F,949,284
0x0eF4392A2c6Eb0c7B73978538B6640c5a267f7B8,2242,285
0x7d299a623eecE0D5f53F2A2F5A6FdD2b4897c46A,1196,286
0x43EB22851CdD06Aa3c27f199110cE6264E7B13A0,1684,287
0x2368739899191334c264c4Ca3d46e5ccce852C32,2325,288
0x7869d5e64ACa5f588617291e3Aea6E01C7ed19F6,232,289
0x54E71d7f1d7d6c7631ED6cA17E0d1CCB011eB89E,273,290
0x5D1458b8Af4c94957Ef96852554cF3D5f6e849a0,1165,291
0x7f537f99934A6dd6d8F4b1e4504102a33F25B4e0,3150,292
0xC470816d7176eAF7AE6DA1486ebc857F9eDCf1Ad,2392,293
0x778002619bdbd0b208f995B6BF360a8BD1a05E7d,1264,294
0x41Eb1F7Df8896C9281D28B8Ef6A5665226Ee8D64,2891,295
0xA86bCdcc624AE97f67357d0b823f9F5474e8a321,4871,296
0xA76CFE7EfBB92C082015DaC0752421aA25669D95,4320,297
0x03be566a440CC0dbcA98e092ba484c12C3Bf32f7,4007,298
0x791A2197D64320C62A097d1D9d40F561B350b462,3453,299
0x9fc4336673b12D8E47eDd3474c915499c7fdaA0a,1286,300
0x55f09Ef28F591BEd8D9EdDa7D89F1258d6831662,2143,301
0x4F8fc2d503f9DC18ea725a90D6876069651FBF32,1636,302
0x3bbd439E7E75595023155f8b99771a3fc1D7537B,3374,303
0x3eF5b68AAb0CD631be56cA7d44Bc74C0f36779Be,1945,304
0x1fFC6ffD3a1a44830170392019D42D7f2A35734a,4689,305
0xd57De2d6CE5AfC3059aA13191A7fA1A45497df27,5001,306
0xF2a3f851C6e1aDA85509E965B7CD9E69e1775744,2867,307
0xa5711a258430Dfb45Fa5c4BCB9C3c96a65887C34,3913,308
0x3c4C1C6D9f0089940BEF673072f9eb06c0bB6B32,3314,309
0x5Df6f724a2B3299d2e256bA66F863257a6Acbb9a,4421,310
0x692eDA7759807F359B1A1CED678f568c4c8E7E58,1649,311
0xbE23b93E823aBAc43E882eFDf7C2dcCF9C4fDcbB,317,312
0xCBBC5db037EC1850017D10384c56Ab78f39D5aE9,4710,313
0x200b78cDf67A6cB090E54Fc6cfFe7a15df7b70e5,2831,314
0x905799B6D036657c83524f240cFd6c3b12E3e051,3373,315
0x5EEF8Cb9aB534217Ad0bf7F2C93b2f648Cd05972,1967,316
0x0f6916e0A66BF02A5Fd338947f28BeF8A90c03D7,3326,317
0x764323B24385c5E44E66Ea6BC260D2Ab41A3Fc91,538,318
0xB369e6CC32982fcb7eD6fa0Fa0dECD0afEE1d7bf,4691,319
0x4779e772c28E9e9299D40df4De1E5830d47f52D2,143,320
0x00d29fB7D9403C694E8137ED08933bB62b28c7C9,1169,321
0x83EC70Dd00140A36B845ba86A93f0E2a1c66d91f,4487,322
0x3037a4173dA223709bedc8Fbe9A0640D123B3cF0,956,323
0xc996489809D319DF02911312046759AbBb461a5a,249,324
0xd0C502D66B0eA3C71C1AEbaB4096C730523322bA,3056,325
0x8142DF49BcBecC8cdBfb395263D7232205172d64,1422,326
0x35C06C861f77AEaD8533B3611c22c89b2cAabE2c,5391,327
0x415c78D8add0099343EC9BAAd1C1C45f34Fef446,2283,328
0x50EAF8Cb489F6e2e2E458a849EC2CEf6455d3886,1757,329
0x184Fe3a73526e0fF56C7B2fA4EE717e89872CAF1,4898,330
0xb2036996b3E2ca784511EA89fF7144d464D1aFb0,3612,331
0xCc5bB8451a295703c2dc7826CaEC325a719c0B20,4235,332
0xf2Dc87C833d1C5E1b809F50A18D9aAdd6BD8c11a,3475,333
0x7bD53BAE7BF362Ede9C137dB557274AD8fb99363,2247,334
0x46F3d98086CE928a004CB7B9036a9B94E4808a1F,842,335
0xc8e7D06206bEB889b404A76CCCB3a3Ccc2b4a179,4333,336
0xc3637C42c4Ab82B4A1b322c6d34828f900d9D570,765,337
0x32cF8Da1e717230604803edC61602BA407983Db6,226,338
0xE3BFa32d9c787E0579ea0eD1A4ac9EAf0caa7C88,2785,339
0x44057FAABa2BD688F23523aB053e3d0A4BBcA6AD,265,340
0x275c16EA2505502C735ab80Aad6358f9E00968de,1249,341
0x3F4F7Ed54f1574715Ae6E69D66E0BFAace607bDF,5202,342
0x63372D27A9d299b55868d1b362B803B076303DFC,2428,343
0x136Aa55aDDe4eac3a61F6B016aE586Adf4dB9e38,4597,344
0x6e5d92019DD38b9445C9c2e99d93a1Fcf883E7dd,1011,345
0xe40E29Bd81D58d4B4E96A008c8650349484ea146,2749,346
0xb42C8a5c8aB0c9E3ad9dbcdDfeCc106294060e06,2070,347
0xF4C873d3BcC6F314ADED1e981eE15E1E594a04C0,333,348
0x304E41a975DAa976dD4e2Bafa639d5879BBE065e,2434,349
0xDcd1240fa64eC91C4456115660CE30D753d9D2ce,1036,350
0x61EfcF053397b6C9b3fDE25CfE4da117Cfd5dc59,5802,351
0xD7F9cd01D261781e779661CBDa5ac55fa7dFa915,5015,352
0x2383472f6AD36ff28F5Ce6D6af65fe70dBb2B951,2062,353
0x749bc9B320b7E9BF7cB1EF01E54253127D03a913,4998,354
0xb1a63eC02c7Ca9a44329b185FfdAdb207795D728,4374,355
0x59935B5d9d99aa6854e690e55d7cB52629a30Cae,1549,356
0x4D20C0cD89B325a01313B567a418C4264b7c6410,3586,357
0x9b92E08284E07C4948ECb99d46E902ac04Efd5d0,1451,358
0xB01AEDE2b37eE4243119eEd42552db41AcF6131D,1994,359
0x1d9e4ac8837a4F6F15f3c10bCCaE39C48c4c549A,5235,360
0x4A22C18E9B5f43ec754F70889D83676181eE3Ebf,1109,361
0x865DEE87f86d37a62B3e06A9E11e572B0141E5e8,557,362
0xE1579C7da39c253277333b31487564f765A111DF,1125,363
0xeBC480a04373F6b95260B3424f4F83c5A3f5dC50,3043,364
0x186F7FC4c86180b1DD2BC5A116aa440fFeE669b3,5822,365
0x290b5Ee562bB7959FCd4c6ACAe457E8095d70532,507,366
0x0F79D29dd2eb97e53910420aCb238ca78b937bF5,5576,367
0xd6c1fcA1CF2FaE57c55F93Aae079afDeDD4BF2F4,5396,368
0xaA76b4FD2774A6E4678C2EDf9EF7d96D2E08644A,4137,369
0xF6F832E2B51E88D291fdDA3C65CA79507A8c222c,4067,370
0x35c643E0b88CBFD747cd232e329E07A337b01f33,1788,371
0x289953E5F9B749aCACC4E2fb00f96668B16b73E6,1283,372
0xE1F55f650B3E743ebE93eC5926ECd217484E2206,5942,373
0xd21393ED27dFb5BA28bcF67735aEd9c11519DC9f,4577,374
0x6f55B9b1338343C3BEC2a9278DFE7A6C52cae602,5341,375
0x4777641b0F40731fe45d11c0A1665D7561617750,2097,376
0xa454635E11bbDaa7046fA419da75BCe92782F6DF,4902,377
0x1e7955A6C94a5FCB74be0bd977119607C9730f91,5843,378
0xD2d9De872F078a8cEaeFE2d4857428474b61Fc15,1020,379
0xCD14d2703203b6Ca529aaca5700C57A88f13E8eb,2395,380
0x007a9CCAcE5597Cadd84a1bFe124F59EeB301A75,5060,381
0xC3f4bEfB981B4d93d053310CcCFF6dDa0fEFe69C,6022,382
0x44DCB45A8219f6192a1c6eD65cB1B2d696E736ab,2575,383
0xE37A7C9259B56102bb239B8bC40bEC2eB7C7C800,548,384
0x659A3a93c8f13135e5f48507278F000004267C80,3974,385
0xE28d3412eE7C926c9F82fFE7726cB97F5a98E156,3346,386
0xFeea884e37D6328EE7808E6B45038CAED36CE511,3885,387
0x341F8A1fA94AF577ddaB7a33EE673155F59E25f0,5236,388
0xF001868d8520a02CF566C424BE7fe661D056D65f,5910,389
0xAb3586c6E1D5A0e4D0a5D1b891f5ff54Ff24F49c,3680,390
0x95D0fFF73C6CDc249C87867910F5e439c536ee11,138,391
0xa0CE3D2823a000567d9e3796232ab19f7aC2530a,1368,392
0xe5D9083B7Fc6d2db19f24E1848754550891e0Fc2,3164,393
0x61B33d14386Dcf389C555d019bC73a5eCB8f3765,1682,394
0x48D1CeaD204141C12e1613Cc828165702c6da0F5,2489,395
0x46f19faBd2d22B452c538f9C687Ebd0E34A43d55,6029,396
0x0aB8cfB75f99768c8949D295F25c756262bF267e,5209,397
0x851daeed32047fcF42586676E0C06a001d8b3550,346,398
0xfC6F69a59F4Cd7E6F1b2C8727625B9d0bc553f1f,2794,399
0x9173CD077a6147f44bdE9439222f8b800106845B,4603,400
0xA22270355f7A6d86Ed453130E0A05929e539E1e9,5857,401
0x4B0BCaf43bBC826B19338cdc99cA61cd1E017967,1249,402
0x8c064A9f570CA2b116C6fBC4f988EfD1Ff5A8458,1116,403
0x8d253F120a59f438F248Dfc275ABdc3f92Be455d,6044,404
0x5a329F93aA6d1b19fEF534745c9772933215d2c4,4611,405
0x4eae4Ed8Dd3Aca5f3176197A6C83D48DC4DD31aE,3264,406
0x176709579CBB97654820204dF31F49A043AE39cf,419,407
0x2af907703b01076325Ebc1c88acf5095A9295844,4353,408
0x22845DdCB7dc88c07c896C5A7f9eaff39D880d42,1251,409
0xDd5727bebBc8EcdA2d16c8249126c0Ff97Ed7c0a,5351,410
0xDFf9420E8e91b90e41A10f63BA7f3814640D0776,3159,411
0x3c421EFB574539E9c23EEf7c4Fee7bFD7EAdd14b,759,412
0x9beb7E3eBD7F0DDe752320202A60b4F6043E89F7,3102,413
0x0E98c61BeB4023AE192299abfa1b5bA8dF3f837C,3128,414
0xd55308431B39F922a07dF8e180BCe0b0ECAA5676,348,415
0xe236f7bC7B478a3a34C66e8DF7c7CC69742B4F46,5167,416
0x0784D73B62Fe791CedfadE8B1CBf5a08F3529ccA,3096,417
0xb41eAa4966Ef432b367bfd616579CC9C0B8d7392,2411,418
0xD6b867c3768e5dDcd782aD9ccf70BE761789C296,4738,419
0xD8552bf9e4Ff04D05ceAE366E6Ce5dB9395AcD33,5627,420
0x3eB96Ccf7c1619b10CfF6CF350902c92c9a1a301,2284,421
0xbf5412cb3d928b3b3a6a1286265c8Ed190a90feC,2740,422
0xDC51f46E11805D0D6D4493252D7ceeE4Bbb3813E,6038,423
0x16b13dB57852cba3d9949aAe30913c0F9Db77Fa1,1799,424
0x7116a0919e326eFfFbfafAB981D1EfC4c15AC3a6,6862,425
0xA58fbd9d3B5f33c9FF1a0B6Fd3C3eF0011a404f8,7134,426
0x4F4185ccBa6C9bEcE7027D78269b83A2C45340bE,1056,427
0xE17A661d9Af8c22863B969Bc629D6829A9F752A6,5973,428
0x5e959EdBa6F5A2166a887A5092617f7aF54844cb,6450,429
0xF33712BAb40fCa182359F9e38fF6009bfa197977,588,430
0x69364C97fc3aeB494B6702042Bc0559eF3293dE4,2112,431
0x5f16E311aBD6f98B2497A6477c414e2C1A4Fdae9,5796,432
0xF09eaAA0807ee1c99152Eac5018F6A202d14aaa5,1176,433
0xf179Aa103032d7A985D58898F319a572D803435E,2532,434
0xdfeBa8fD84c577f0B0B824d4d6DC75Cfc496670b,2145,435
0x8FE98F159f9E5A623Aec05689B284aDF5957Cd20,1041,436
0x477509022c9A931f8624e04c9377980fe896808f,4015,437
0xD77421c8dF3f29dCde3930204EEE994b10d86946,2713,438
0x7B493b50B873dF133864cc0CA03d28D4528a130C,3302,439
0xBB46acBe7263dD2bF12cE6844a1c484882Eb2759,4877,440
0x1b53c318a2BbBF190b66aA26d3a7eB4229D98C4c,3453,441
0x96b4b92C8f01B9c1FDAc508F5E18c2D0a645F328,7322,442
0x2C8ab6FDb8Dd1a56c6AEC3E331937E0D2F0133Ba,1408,443
0x3B6917b799f7c6b3B5f67b178aAe6D26b5D1d784,6188,444
0x51D57EfD40771285fe1C7184a41e7E063b173c20,5788,445
0xC553F2D08E9Fb577E10CE2C46E9B0285DC77264b,3095,446
0x140c0a5815d65cc18CCE2a7Ab0F3ee8608cEEe32,2124,447
0xDC46BacC7FCf64ce675a85203a1C845D20098338,6076,448
0xDeB74EBF291473Af9AD23555a15956a429e04Cf7,1797,449
0x9fD66C2B70A6e9133B2162106aB43AC96c9582cD,4471,450
0xa55ebB462c734Ff8d879a37Eb4026A0a442115c6,5485,451
0x57E14d3Cb384809BB7FD3D621Dd214bf1693EF9F,5785,452
0xD02d96f500132FAb11c777d2c8C5F23fA3113E52,5218,453
0x79247679330b51DCCb748B6F501BE07572832Ce8,6546,454
0xa98d3ACB0a25923e265518E9c8fBEf5F79B5a473,7192,455
0xa0E99ed73dEaE299abC537CE8751d6f7084007bE,1453,456
0x5889b05E2947006f9E3b799F620FfdC237d6fac1,1772,457
0xEFB737DF99a58979a154C5D90fa20cf60Ec78903,2858,458
0xb80814c5B83832ABe263Be2538B61fB81308C68b,3997,459
0x72A7A8641cB8b0D02d8d390eB810Ee6fb5ed3E43,3321,460
0x148FB80300840182459c89fEcdCe2b4eC9B190F1,6268,461
0xfF98e5971028072357b32d286f0b035040ea96f3,1399,462
0xaF77340eBc28Ec54ed24188Df97FC295B3Cd0341,2066,463
0xF73fb979f3EF61AaeDeDb79fecD734e17De0886d,7013,464
0xD30300cc50D65074D7518e8de3973579b2FA6769,1808,465
0x176Ad4E6e070269ffC3ED7fb485736276F07426F,2983,466
0xFA0CD4D88C50E5d1b532752Edf529A5B499DD70d,7463,467
0x52C9272e4ea9A08E746d991338f81495325c82e2,96,468
0xb14919BF3C965cC3aE3B1a4F1b2dC4bCE14cA1bd,31,469
0x2100E685744F046d32F534fA33F266b4B0891022,5311,470
0x5Fbf3aD1E91614F68D808cc752f110Cf6547ea55,2660,471
0xF5b2188117df4E757582b7a5ae19B63F5458D3c0,4530,472
0x4D528e1bAa8c0cb44c5Ded78e173581B15F64f97,6190,473
0x37668d3B61c8A5Dff483e967bf944Bed6D6Be9Db,4656,474
0x60d41fdE6c366ab7d1D618ed43B07e70E4A0aaBc,3091,475
0x48C393518c51F610feaa3246010fB1554Da047a9,4153,476
0xe7caFB9DE3f273D6F57e27d901B2142F933fB887,6981,477
0x5cEaf299E3a041038352879CA7162906965ae085,4730,478
0xe90eb5e6b6782A199ed677F93b357a1C463a3720,5636,479
0xF0f7Ba14aF7761b41bA63cb78983DA5ce4195009,5080,480
0xC415A5EA36357a2547D6F015ebCca566b49Faa6a,3844,481
0x5ccC4D17CE266e38B32Cbd18993BCB2B116C6ce7,5653,482
0xc2B1b2Ba4251602047dBd0604DE76FB9EE6CcF69,6828,483
0x09246ADb9cD81F6d57ED92d3D2C845E3db22703A,6392,484
0x267d028b261d93AB5F02aD2108F7d5DfE1EDe7aF,8051,485
0xe2a408a31f412EcCD226D4CEf17c0f5c61c1a84e,3972,486
0xcBB80e0155caa0aBee2Fe0c3BFef0e83d18311E7,95,487
0x539EB5F71258c35Eca93036E3BBa58c940Af0E11,5463,488
0x9F22949816c27cEA4a13b17594088FbB91BB59b6,4626,489
0x0197F1a4B019d580950A8634A63E07C864cD0088,1285,490
0x261Fd4F13DF4bcFDE5599E66656b99b87F48B2f2,6124,491
0xEDA344A3ff88121C3b0118D610Bfd53218Bca91b,5677,492
0xFA40c6c5dfce208894c19207d4313978BeaBcE8d,4184,493
0x67c80e1356A381cA5D4E8fE247B8e246b076a990,2380,494
0xDfa803CE8e74d4A937D122B89693fE56ED10dc6C,6872,495
0xA88e8e41A0ACEE1014A6Ad5C84c39D91C19A7eef,3756,496
0x4913257fD342e4480672d6B2a6CFbAa148d45eDB,1712,497
0x9a9010A71d5987476fF97216F5ceBB14b9BD8cE4,6170,498
0x8f563B70294A7875250fee9268832a019110B714,7105,499
0xb7a6253f2D81B853EC59AFEc2A74fe6c7130f37d,7722,500
